type,x,y,widthX,heightY,animate,yMove,xMove,startFrame,caveName,entrance,uniqueIdenitifer,caveWall,caveCeiling,showMinimumDifficulty,hideMinimumDifficulty
caves,9.5,14.25,1.25,0.5,0,0,1.5,0,onlyCave,1,1,0,0,1,5
caves,11.5,14.25,1.25,0.5,0,0,0,0,onlyCave,1,2,0,0,1,5
caves,10,14.5,1,2,0,0,2,0,onlyCave,1,3,0,0,1,5
caves,11,14.5,1,2,0,0,0,0,onlyCave,1,4,0,0,1,5
caves,12,14.5,0.5,2,0,0,1.5,0,onlyCave,0,5,0,0,1,5
caves,12.5,14.5,0.5,2,0,0,1.5,0,onlyCave,0,6,1,0,1,5
caves,12.5,16.5,0.5,0.5,0,3,1.5,0,onlyCave,0,7,1,0,1,5
caves,12,16.5,0.5,0.5,0,3,1.5,0,onlyCave,0,8,0,0,1,5
caves,10,16.5,1,0.5,0,3,2,0,onlyCave,1,9,0,0,1,5
caves,11,16.5,1,0.5,0,3,0,0,onlyCave,1,10,0,0,1,5
caves,13,16.5,1.25,0.5,0,0,1.5,0,onlyCave,0,11,1,0,1,5
caves,13,16.25,1.25,0.5,0,0,1.5,0,onlyCave,0,12,1,0,1,5
caves,12.75,16,1.25,0.5,0,0,1.5,0,onlyCave,0,15,1,0,1,5
caves,12.75,15.75,1.25,0.5,0,0,1.5,0,onlyCave,0,16,1,0,1,5
caves,12.75,15.5,1.25,0.5,0,0,1.5,0,onlyCave,0,17,1,0,1,5
caves,12.75,15.25,1.25,0.5,0,0,1.5,0,onlyCave,0,18,1,0,1,5
caves,12.5,15,1.25,0.5,0,0,1.5,0,onlyCave,0,19,1,0,1,5
caves,12.5,14.75,1.25,0.5,0,0,1.5,0,onlyCave,0,20,1,0,1,5
caves,12.5,14.5,1.25,0.5,0,0,1.5,0,onlyCave,0,21,1,0,1,5
caves,12,14,0.5,0.5,0,3,1.5,0,onlyCave,0,22,0,0,1,5
caves,12.25,14.25,1.25,0.5,0,0,1.5,0,onlyCave,0,23,1,0,1,5
caves,12.25,14,1.25,0.5,0,0,1.5,0,onlyCave,0,24,1,0,1,5
caves,12.25,13.75,1.25,0.5,0,0,1.5,0,onlyCave,0,25,1,0,1,5
caves,12,13.5,1.25,0.5,0,0,1.5,0,onlyCave,0,26,1,0,1,5
caves,12,13.25,1.25,0.5,0,0,1.5,0,onlyCave,0,27,1,0,1,5
caves,12,13,1.25,0.5,0,0,1.5,0,onlyCave,0,28,1,0,1,5
caves,11.75,12.75,1.25,0.5,0,0,1.5,0,onlyCave,0,29,1,0,1,5
caves,11.75,12.5,1.25,0.5,0,0,1.5,0,onlyCave,0,30,1,0,1,5
caves,11.75,12.25,1.25,0.5,0,0,1.5,0,onlyCave,0,31,1,0,1,5
caves,11.5,11.75,1.25,0.5,0,0,1.5,0,onlyCave,0,64,1,0,1,5
caves,11.5,11.5,1.25,0.5,0,0,1.5,0,onlyCave,0,65,1,0,1,5
caves,11.25,11.25,1.25,0.5,0,0,1.5,0,onlyCave,0,66,1,0,1,5
caves,11.25,11,1.25,0.5,0,0,1.5,0,onlyCave,0,67,1,0,1,5
caves,11.25,10.75,1.25,0.5,0,0,1.5,0,onlyCave,0,68,1,0,1,5
caves,11,10.5,1.25,0.5,0,0,1.5,0,onlyCave,0,69,1,0,1,5
caves,11,10.25,1.25,0.5,0,0,1.5,0,onlyCave,0,70,1,0,1,5
caves,11,10,1.25,0.5,0,0,1.5,0,onlyCave,0,71,1,0,1,5
caves,10.75,9.75,1.25,0.5,0,0,1.5,0,onlyCave,0,72,1,0,1,5
caves,10.75,9.5,1.25,0.5,0,0,1.5,0,onlyCave,0,73,1,0,1,5
caves,10.75,9.25,1.25,0.5,0,0,1.5,0,onlyCave,0,74,1,0,1,5
caves,10.75,9,1.25,0.5,0,0,1.5,0,onlyCave,0,75,1,0,1,5
caves,10.5,8.75,1.25,0.5,0,0,1.5,0,onlyCave,0,76,1,0,1,5
caves,10.5,8.5,1.25,0.5,0,0,1.5,0,onlyCave,0,77,1,0,1,5
caves,10.25,8.25,1.25,0.5,0,0,1.5,0,onlyCave,0,78,1,0,1,5
caves,10.25,8,1.25,0.5,0,0,1.5,0,onlyCave,0,79,1,0,1,5
caves,10,7.75,1.25,0.5,0,0,1.5,0,onlyCave,0,80,1,0,1,5
caves,10,7.5,1.25,0.5,0,0,1.5,0,onlyCave,0,81,1,0,1,5
caves,10,7.25,1.25,0.5,0,0,1.5,0,onlyCave,0,82,1,0,1,5
caves,9.75,7,1.25,0.5,0,0,1.5,0,onlyCave,0,83,1,0,1,5
caves,9.75,6.75,1.25,0.5,0,0,1.5,0,onlyCave,0,84,1,0,1,5
caves,9.75,6.5,1.25,0.5,0,0,1.5,0,onlyCave,0,85,1,0,1,5
caves,9.5,6.25,1.25,0.5,0,0,1.5,0,onlyCave,0,86,1,0,1,5
caves,9.5,6,1.25,0.5,0,0,1.5,0,onlyCave,0,87,1,0,1,5
caves,9.5,5.75,1.25,0.5,0,0,1.5,0,onlyCave,0,88,1,0,1,5
caves,9.5,5.5,1.25,0.5,0,0,1.5,0,onlyCave,0,89,1,0,1,5
caves,9.25,5.25,1.25,0.5,0,0,1.5,0,onlyCave,0,90,1,0,1,5
caves,9.25,5,1.25,0.5,0,0,1.5,0,onlyCave,0,91,1,0,1,5
caves,9.25,4.75,1.25,0.5,0,0,1.5,0,onlyCave,0,92,1,0,1,5
caves,9,4.5,1.25,0.5,0,0,1.5,0,onlyCave,0,93,1,0,1,5
caves,9,4.25,1.25,0.5,0,0,1.5,0,onlyCave,0,94,1,0,1,5
caves,9,4,1.25,0.5,0,0,1.5,0,onlyCave,0,95,1,0,1,5
caves,8.75,3.75,1.25,0.5,0,0,1.5,0,onlyCave,0,96,1,0,1,5
caves,8.75,3.5,1.25,0.5,0,0,1.5,0,onlyCave,0,97,1,0,1,5
caves,8.75,3.25,1.25,0.5,0,0,1.5,0,onlyCave,0,98,1,0,1,5
caves,8.75,3,1.25,0.5,0,0,1.5,0,onlyCave,0,99,1,0,1,5
caves,8.75,2.75,1.25,0.5,0,0,1.5,0,onlyCave,0,100,1,0,1,5
caves,8.75,2.5,1.25,0.5,0,0,1.5,0,onlyCave,0,101,1,0,1,5
caves,8.75,2.25,1.25,0.5,0,0,1.5,0,onlyCave,0,102,1,0,1,5
caves,8.75,2,1.25,0.5,0,0,1.5,0,onlyCave,0,103,1,0,1,5
caves,8.5,1.75,1.25,0.5,0,0,1.5,0,onlyCave,0,104,1,0,1,5
caves,8.5,1.5,1.25,0.5,0,0,1.5,0,onlyCave,0,105,1,0,1,5
caves,11.5,12,1.25,0.5,0,0,1.5,0,onlyCave,0,106,1,0,1,5
caves,13.5,17.5,1,0.5,0,0,0.5,0,onlyCave,0,107,1,0,1,5
caves,13.5,18,1,0.5,0,0,0.5,0,onlyCave,0,108,1,0,1,5
caves,13.25,18.5,1,0.5,0,0,0.5,0,onlyCave,0,109,1,0,1,5
caves,13.25,19,1,0.5,0,0,0.5,0,onlyCave,0,110,1,0,1,5
caves,13.25,19.5,1,0.5,0,0.5,2,0,onlyCave,0,111,1,0,1,5
caves,13,20,1,0.5,0,0,0.5,0,onlyCave,0,112,1,0,1,5
caves,12.75,20.5,1,0.5,0,0.5,2,0,onlyCave,0,113,1,0,1,5
caves,12.5,21,1,0.5,0,0,0.5,0,onlyCave,0,114,1,0,1,5
caves,12.5,21.5,1,0.5,0,0.5,2,0,onlyCave,0,115,1,0,1,5
caves,12.25,22,1,0.5,0,0,0.5,0,onlyCave,0,116,1,0,1,5
caves,12.25,22.5,1,0.5,0,0.5,2,0,onlyCave,0,117,1,0,1,5
caves,11.5,22.75,1,0.5,0,0.5,2,0,onlyCave,0,118,1,0,1,5
caves,10.75,23,1,0.5,0,0,0.5,0,onlyCave,0,119,1,0,1,5
caves,10.75,23.25,1,0.5,0,0.5,2,0,onlyCave,0,120,1,0,1,5
caves,10,23.5,1,0.5,0,0,0.5,0,onlyCave,0,121,1,0,1,5
caves,10,23.75,1,0.5,0,0.5,2,0,onlyCave,0,122,1,0,1,5
caves,9.75,24,1,0.5,0,0,0.5,0,onlyCave,0,123,1,0,1,5
caves,9.75,24.25,1,0.5,0,0,0.5,0,onlyCave,0,124,1,0,1,5
caves,9.75,24.5,1,0.5,0,0,0.5,0,onlyCave,0,125,1,0,1,5
caves,9.75,24.75,1,0.5,0,0.5,2,0,onlyCave,0,126,1,0,1,5
caves,9.5,25,1,0.5,0,0,0.5,0,onlyCave,0,127,1,0,1,5
caves,9.5,25.25,1,0.5,0,0.5,2,0,onlyCave,0,128,1,0,1,5
caves,9.25,25.5,1,0.5,0,0,1.5,0,onlyCave,0,129,1,0,1,5
caves,9.25,25.75,1,0.5,0,0.5,2,0,onlyCave,0,130,1,0,1,5
caves,9,26,1,0.5,0,0,1.5,0,onlyCave,0,131,1,0,1,5
caves,9,26.25,1,0.5,0,0,1.5,0,onlyCave,0,132,1,0,1,5
caves,8.75,26.5,1,0.5,0,0,1.5,0,onlyCave,0,133,1,0,1,5
caves,8.75,26.75,1,0.5,0,0,1.5,0,onlyCave,0,134,1,0,1,5
caves,8.5,27,1,0.5,0,0.5,2,0,onlyCave,0,135,1,0,1,5
caves,8.25,27.25,1,0.5,0,0,1.5,0,onlyCave,0,136,1,0,1,5
caves,8.25,27.5,1,0.5,0,0,1.5,0,onlyCave,0,137,1,0,1,5
caves,8.25,27.75,1,0.5,0,0.5,2,0,onlyCave,0,138,1,0,1,5
caves,8,28,1,0.5,0,0,1.5,0,onlyCave,0,139,1,0,1,5
caves,8,28.25,1,0.5,0,0,1.5,0,onlyCave,0,140,1,0,1,5
caves,8,28.5,1,0.5,0,0.5,2,0,onlyCave,0,141,1,0,1,5
caves,7.75,28.75,1,0.5,0,0,1.5,0,onlyCave,0,142,1,0,1,5
caves,7.75,29,1,0.5,0,0,1.5,0,onlyCave,0,143,1,0,1,5
caves,7.75,29.25,1,0.5,0,0,1.5,0,onlyCave,0,144,1,0,1,5
caves,7.75,29.5,1,0.5,0,0,1.5,0,onlyCave,0,145,1,0,1,5
caves,7.75,29.75,1,0.5,0,0.5,2,0,onlyCave,0,146,1,0,1,5
caves,7.5,30,1,0.5,0,0,1.5,0,onlyCave,0,147,1,0,1,5
caves,7.5,30.25,1,0.5,0,0,1.5,0,onlyCave,0,148,1,0,1,5
caves,7.5,30.5,1,0.5,0,0.5,2,0,onlyCave,0,149,1,0,1,5
caves,7.5,30.5,1,0.5,0,0.5,2,0,onlyCave,0,150,1,0,1,5
caves,7.25,30.5,1,0.5,0,0,0.5,0,onlyCave,0,151,1,0,1,5
caves,6.75,30.5,1,0.5,0,0.5,2,0,onlyCave,0,152,1,0,1,5
caves,6,30.5,1,0.5,0,0,0.5,0,onlyCave,0,153,1,0,1,5
caves,5.75,30.5,1,0.5,0,0,0.5,0,onlyCave,0,154,1,0,1,5
caves,5.25,30.5,1,0.5,0,0.5,2,0,onlyCave,0,155,1,0,1,5
caves,5.25,30.75,1,0.5,0,0,1.5,0,onlyCave,0,156,1,0,1,5
caves,5.25,31,1,0.5,0,0,1.5,0,onlyCave,0,157,1,0,1,5
caves,5.25,31.25,1,0.5,0,0,1.5,0,onlyCave,0,158,1,0,1,5
caves,5.25,31.5,1,0.5,0,0,1.5,0,onlyCave,0,159,1,0,1,5
caves,5.25,31.75,1,0.5,0,0.5,2,0,onlyCave,0,160,1,0,1,5
caves,5,32,1,0.5,0,0,1.5,0,onlyCave,0,161,1,0,1,5
caves,5,32.25,1,0.5,0,0,1.5,0,onlyCave,0,162,1,0,1,5
caves,5,32.5,1,0.5,0,0.5,2,0,onlyCave,0,163,1,0,1,5
caves,4.75,32.75,1,0.5,0,0,1.5,0,onlyCave,0,164,1,0,1,5
caves,4.75,33,1,0.5,0,0.5,2,0,onlyCave,0,165,1,0,1,5
caves,4.5,33.25,1,0.5,0,0,1.5,0,onlyCave,0,166,1,0,1,5
caves,4.5,33.5,1,0.5,0,0,1.5,0,onlyCave,0,167,1,0,1,5
caves,4.5,33.75,1,0.5,0,0,1.5,0,onlyCave,0,168,1,0,1,5
caves,4.5,34,1,0.5,0,0.5,2,0,onlyCave,0,169,1,0,1,5
caves,4.25,34.25,1,0.5,0,0,1.5,0,onlyCave,0,170,1,0,1,5
caves,4.25,34.5,1,0.5,0,0.5,2,0,onlyCave,0,171,1,0,1,5
caves,4,34.75,1,0.5,0,0,1.5,0,onlyCave,0,172,1,0,1,5
caves,4,35,1,0.5,0,0.5,2,0,onlyCave,0,173,1,0,1,5
caves,3.75,35.25,1,0.5,0,0,1.5,0,onlyCave,0,174,1,0,1,5
caves,3.75,35.5,1,0.5,0,0,1.5,0,onlyCave,0,175,1,0,1,5
caves,3.75,35.75,1,0.5,0,0,1.5,0,onlyCave,0,176,1,0,1,5
caves,3.5,35.75,1,0.5,0,0,1.5,0,onlyCave,0,177,1,0,1,5
caves,3.25,35.75,1,0.5,0,0,1.5,0,onlyCave,0,178,1,0,1,5
caves,3,35.75,1,0.5,0,0,1.5,0,onlyCave,0,179,1,0,1,5
caves,2.75,35.75,1,0.5,0,0,1.5,0,onlyCave,0,180,1,0,1,5
caves,2.5,35.75,1,0.5,0,0,1.5,0,onlyCave,0,181,1,0,1,5
caves,2.25,35.75,1,0.5,0,0,1.5,0,onlyCave,0,182,1,0,1,5
caves,2,35.75,1,0.5,0,0,1.5,0,onlyCave,0,183,1,0,1,5
caves,1.75,35.75,1,0.5,0,0,1.5,0,onlyCave,0,184,1,0,1,5
caves,1.5,35.75,1,0.5,0,0,1.5,0,onlyCave,0,185,1,0,1,5
caves,1.25,35.75,1,0.5,0,0,1.5,0,onlyCave,0,186,1,0,1,5
caves,1,35.75,1,0.5,0,0,1.5,0,onlyCave,0,187,1,0,1,5
caves,0.75,35.75,1,0.5,0,0,1.5,0,onlyCave,0,188,1,0,1,5
caves,0.5,35.75,1,0.5,0,0,1.5,0,onlyCave,0,189,1,0,1,5
caves,0.25,35.75,1,0.5,0,0,1.5,0,onlyCave,0,190,1,0,1,5
caves,0,35.75,1,0.5,0,0,1.5,0,onlyCave,0,191,1,0,1,5
caves,0,1.5,0.5,1.5,0,0.5,1.5,0,onlyCave,0,192,0,0,1,5
caves,0.5,1.5,0.5,1.5,0,0.5,1.5,0,onlyCave,0,193,0,0,1,5
caves,1,1.5,0.5,1.5,0,0.5,1.5,0,onlyCave,0,194,0,0,1,5
caves,1.5,1.5,0.5,1.5,0,0.5,1.5,0,onlyCave,0,195,0,0,1,5
caves,2,1.5,0.5,1.5,0,0.5,1.5,0,onlyCave,0,196,0,0,1,5
caves,2.5,1.5,0.5,1.5,0,0.5,1.5,0,onlyCave,0,197,0,0,1,5
caves,3,1.5,0.5,1.5,0,0.5,1.5,0,onlyCave,0,198,0,0,1,5
caves,3.5,1.5,0.5,1.5,0,0.5,1.5,0,onlyCave,0,199,0,0,1,5
caves,4,1.5,0.5,1.5,0,0.5,1.5,0,onlyCave,0,200,0,0,1,5
caves,4.5,1.5,0.5,1.5,0,0.5,1.5,0,onlyCave,0,201,0,0,1,5
caves,5,1.5,0.5,1.5,0,0.5,1.5,0,onlyCave,0,202,0,0,1,5
caves,5.5,1.5,0.5,1.5,0,0.5,1.5,0,onlyCave,0,203,0,0,1,5
caves,6,1.5,0.5,1.5,0,0.5,1.5,0,onlyCave,0,204,0,0,1,5
caves,6.5,1.5,0.5,1.5,0,0.5,1.5,0,onlyCave,0,205,0,0,1,5
caves,7,1.5,0.5,1.5,0,0.5,1.5,0,onlyCave,0,206,0,0,1,5
caves,7.5,1.5,0.5,1.5,0,0.5,1.5,0,onlyCave,0,207,0,0,1,5
caves,8,1.5,0.5,1.5,0,0.5,1.5,0,onlyCave,0,208,0,0,1,5
caves,8.5,1.5,0.5,1.5,0,0.5,1.5,0,onlyCave,0,209,0,0,1,5
caves,0,3,0.5,1.5,0,0.5,1.5,0,onlyCave,0,210,0,0,1,5
caves,0.5,3,0.5,1.5,0,0.5,1.5,0,onlyCave,0,211,0,0,1,5
caves,1,3,0.5,1.5,0,0.5,1.5,0,onlyCave,0,212,0,0,1,5
caves,1.5,3,0.5,1.5,0,0.5,1.5,0,onlyCave,0,213,0,0,1,5
caves,2,3,0.5,1.5,0,0.5,1.5,0,onlyCave,0,214,0,0,1,5
caves,2.5,3,0.5,1.5,0,0.5,1.5,0,onlyCave,0,215,0,0,1,5
caves,3,3,0.5,1.5,0,0.5,1.5,0,onlyCave,0,216,0,0,1,5
caves,3.5,3,0.5,1.5,0,0.5,1.5,0,onlyCave,0,217,0,0,1,5
caves,4,3,0.5,1.5,0,0.5,1.5,0,onlyCave,0,218,0,0,1,5
caves,4.5,3,0.5,1.5,0,0.5,1.5,0,onlyCave,0,219,0,0,1,5
caves,5,3,0.5,1.5,0,0.5,1.5,0,onlyCave,0,220,0,0,1,5
caves,5.5,3,0.5,1.5,0,0.5,1.5,0,onlyCave,0,221,0,0,1,5
caves,6,3,0.5,1.5,0,0.5,1.5,0,onlyCave,0,222,0,0,1,5
caves,6.5,3,0.5,1.5,0,0.5,1.5,0,onlyCave,0,223,0,0,1,5
caves,7,3,0.5,1.5,0,0.5,1.5,0,onlyCave,0,224,0,0,1,5
caves,7.5,3,0.5,1.5,0,0.5,1.5,0,onlyCave,0,225,0,0,1,5
caves,8,3,0.5,1.5,0,0.5,1.5,0,onlyCave,0,226,0,0,1,5
caves,8.5,3,0.5,1.5,0,0.5,1.5,0,onlyCave,0,227,0,0,1,5
caves,0,4.5,0.5,1.5,0,0.5,1.5,0,onlyCave,0,228,0,0,1,5
caves,0.5,4.5,0.5,1.5,0,0.5,1.5,0,onlyCave,0,229,0,0,1,5
caves,1,4.5,0.5,1.5,0,0.5,1.5,0,onlyCave,0,230,0,0,1,5
caves,1.5,4.5,0.5,1.5,0,0.5,1.5,0,onlyCave,0,231,0,0,1,5
caves,2,4.5,0.5,1.5,0,0.5,1.5,0,onlyCave,0,232,0,0,1,5
caves,2.5,4.5,0.5,1.5,0,0.5,1.5,0,onlyCave,0,233,0,0,1,5
caves,3,4.5,0.5,1.5,0,0.5,1.5,0,onlyCave,0,234,0,0,1,5
caves,3.5,4.5,0.5,1.5,0,0.5,1.5,0,onlyCave,0,235,0,0,1,5
caves,4,4.5,0.5,1.5,0,0.5,1.5,0,onlyCave,0,236,0,0,1,5
caves,4.5,4.5,0.5,1.5,0,0.5,1.5,0,onlyCave,0,237,0,0,1,5
caves,5,4.5,0.5,1.5,0,0.5,1.5,0,onlyCave,0,238,0,0,1,5
caves,5.5,4.5,0.5,1.5,0,0.5,1.5,0,onlyCave,0,239,0,0,1,5
caves,6,4.5,0.5,1.5,0,0.5,1.5,0,onlyCave,0,240,0,0,1,5
caves,6.5,4.5,0.5,1.5,0,0.5,1.5,0,onlyCave,0,241,0,0,1,5
caves,7,4.5,0.5,1.5,0,0.5,1.5,0,onlyCave,0,242,0,0,1,5
caves,7.5,4.5,0.5,1.5,0,0.5,1.5,0,onlyCave,0,243,0,0,1,5
caves,8,4.5,0.5,1.5,0,0.5,1.5,0,onlyCave,0,244,0,0,1,5
caves,8.5,4.5,0.5,1.5,0,0.5,1.5,0,onlyCave,0,245,0,0,1,5
caves,9,4.5,0.5,1.5,0,0.5,1.5,0,onlyCave,0,246,0,0,1,5
caves,0,6,0.5,1.5,0,0.5,1.5,0,onlyCave,0,247,0,0,1,5
caves,0.5,6,0.5,1.5,0,0.5,1.5,0,onlyCave,0,248,0,0,1,5
caves,1,6,0.5,1.5,0,0.5,1.5,0,onlyCave,0,249,0,0,1,5
caves,1.5,6,0.5,1.5,0,0.5,1.5,0,onlyCave,0,250,0,0,1,5
caves,2,6,0.5,1.5,0,0.5,1.5,0,onlyCave,0,251,0,0,1,5
caves,2.5,6,0.5,1.5,0,0.5,1.5,0,onlyCave,0,252,0,0,1,5
caves,3,6,0.5,1.5,0,0.5,1.5,0,onlyCave,0,253,0,0,1,5
caves,3.5,6,0.5,1.5,0,0.5,1.5,0,onlyCave,0,254,0,0,1,5
caves,4,6,0.5,1.5,0,0.5,1.5,0,onlyCave,0,255,0,0,1,5
caves,4.5,6,0.5,1.5,0,0.5,1.5,0,onlyCave,0,256,0,0,1,5
caves,5,6,0.5,1.5,0,0.5,1.5,0,onlyCave,0,257,0,0,1,5
caves,5.5,6,0.5,1.5,0,0.5,1.5,0,onlyCave,0,258,0,0,1,5
caves,6,6,0.5,1.5,0,0.5,1.5,0,onlyCave,0,259,0,0,1,5
caves,6.5,6,0.5,1.5,0,0.5,1.5,0,onlyCave,0,260,0,0,1,5
caves,7,6,0.5,1.5,0,0.5,1.5,0,onlyCave,0,261,0,0,1,5
caves,7.5,6,0.5,1.5,0,0.5,1.5,0,onlyCave,0,262,0,0,1,5
caves,8,6,0.5,1.5,0,0.5,1.5,0,onlyCave,0,263,0,0,1,5
caves,8.5,6,0.5,1.5,0,0.5,1.5,0,onlyCave,0,264,0,0,1,5
caves,9,6,0.5,1.5,0,0.5,1.5,0,onlyCave,0,265,0,0,1,5
caves,9.5,6,0.5,1.5,0,0.5,1.5,0,onlyCave,0,266,0,0,1,5
caves,10,6,0.5,1.5,0,0.5,1.5,0,onlyCave,0,267,0,0,1,5
caves,0,7.5,0.5,1.5,0,0.5,1.5,0,onlyCave,0,268,0,0,1,5
caves,0.5,7.5,0.5,1.5,0,0.5,1.5,0,onlyCave,0,269,0,0,1,5
caves,1,7.5,0.5,1.5,0,0.5,1.5,0,onlyCave,0,270,0,0,1,5
caves,1.5,7.5,0.5,1.5,0,0.5,1.5,0,onlyCave,0,271,0,0,1,5
caves,2,7.5,0.5,1.5,0,0.5,1.5,0,onlyCave,0,272,0,0,1,5
caves,2.5,7.5,0.5,1.5,0,0.5,1.5,0,onlyCave,0,273,0,0,1,5
caves,3,7.5,0.5,1.5,0,0.5,1.5,0,onlyCave,0,274,0,0,1,5
caves,3.5,7.5,0.5,1.5,0,0.5,1.5,0,onlyCave,0,275,0,0,1,5
caves,4,7.5,0.5,1.5,0,0.5,1.5,0,onlyCave,0,276,0,0,1,5
caves,4.5,7.5,0.5,1.5,0,0.5,1.5,0,onlyCave,0,277,0,0,1,5
caves,5,7.5,0.5,1.5,0,0.5,1.5,0,onlyCave,0,278,0,0,1,5
caves,5.5,7.5,0.5,1.5,0,0.5,1.5,0,onlyCave,0,279,0,0,1,5
caves,6,7.5,0.5,1.5,0,0.5,1.5,0,onlyCave,0,280,0,0,1,5
caves,6.5,7.5,0.5,1.5,0,0.5,1.5,0,onlyCave,0,281,0,0,1,5
caves,7,7.5,0.5,1.5,0,0.5,1.5,0,onlyCave,0,282,0,0,1,5
caves,7.5,7.5,0.5,1.5,0,0.5,1.5,0,onlyCave,0,283,0,0,1,5
caves,8,7.5,0.5,1.5,0,0.5,1.5,0,onlyCave,0,284,0,0,1,5
caves,8.5,7.5,0.5,1.5,0,0.5,1.5,0,onlyCave,0,285,0,0,1,5
caves,9,7.5,0.5,1.5,0,0.5,1.5,0,onlyCave,0,286,0,0,1,5
caves,9.5,7.5,0.5,1.5,0,0.5,1.5,0,onlyCave,0,287,0,0,1,5
caves,10,7.5,0.5,1.5,0,0.5,1.5,0,onlyCave,0,288,0,0,1,5
caves,10.5,7.5,0.5,1.5,0,0.5,1.5,0,onlyCave,0,289,0,0,1,5
caves,0,9,0.5,1.5,0,0.5,1.5,0,onlyCave,0,290,0,0,1,5
caves,0.5,9,0.5,1.5,0,0.5,1.5,0,onlyCave,0,291,0,0,1,5
caves,1,9,0.5,1.5,0,0.5,1.5,0,onlyCave,0,292,0,0,1,5
caves,1.5,9,0.5,1.5,0,0.5,1.5,0,onlyCave,0,293,0,0,1,5
caves,2,9,0.5,1.5,0,0.5,1.5,0,onlyCave,0,294,0,0,1,5
caves,2.5,9,0.5,1.5,0,0.5,1.5,0,onlyCave,0,295,0,0,1,5
caves,3,9,0.5,1.5,0,0.5,1.5,0,onlyCave,0,296,0,0,1,5
caves,3.5,9,0.5,1.5,0,0.5,1.5,0,onlyCave,0,297,0,0,1,5
caves,4,9,0.5,1.5,0,0.5,1.5,0,onlyCave,0,298,0,0,1,5
caves,4.5,9,0.5,1.5,0,0.5,1.5,0,onlyCave,0,299,0,0,1,5
caves,5,9,0.5,1.5,0,0.5,1.5,0,onlyCave,0,300,0,0,1,5
caves,5.5,9,0.5,1.5,0,0.5,1.5,0,onlyCave,0,301,0,0,1,5
caves,6,9,0.5,1.5,0,0.5,1.5,0,onlyCave,0,302,0,0,1,5
caves,6.5,9,0.5,1.5,0,0.5,1.5,0,onlyCave,0,303,0,0,1,5
caves,7,9,0.5,1.5,0,0.5,1.5,0,onlyCave,0,304,0,0,1,5
caves,7.5,9,0.5,1.5,0,0.5,1.5,0,onlyCave,0,305,0,0,1,5
caves,8,9,0.5,1.5,0,0.5,1.5,0,onlyCave,0,306,0,0,1,5
caves,8.5,9,0.5,1.5,0,0.5,1.5,0,onlyCave,0,307,0,0,1,5
caves,9,9,0.5,1.5,0,0.5,1.5,0,onlyCave,0,308,0,0,1,5
caves,9.5,9,0.5,1.5,0,0.5,1.5,0,onlyCave,0,309,0,0,1,5
caves,10,9,0.5,1.5,0,0.5,1.5,0,onlyCave,0,310,0,0,1,5
caves,10.5,9,0.5,1.5,0,0.5,1.5,0,onlyCave,0,311,0,0,1,5
caves,11,9,0.5,1.5,0,0.5,1.5,0,onlyCave,0,312,0,0,1,5
caves,0,10.5,0.5,1.5,0,0.5,1.5,0,onlyCave,0,313,0,0,1,5
caves,0.5,10.5,0.5,1.5,0,0.5,1.5,0,onlyCave,0,314,0,0,1,5
caves,1,10.5,0.5,1.5,0,0.5,1.5,0,onlyCave,0,315,0,0,1,5
caves,1.5,10.5,0.5,1.5,0,0.5,1.5,0,onlyCave,0,316,0,0,1,5
caves,2,10.5,0.5,1.5,0,0.5,1.5,0,onlyCave,0,317,0,0,1,5
caves,2.5,10.5,0.5,1.5,0,0.5,1.5,0,onlyCave,0,318,0,0,1,5
caves,3,10.5,0.5,1.5,0,0.5,1.5,0,onlyCave,0,319,0,0,1,5
caves,3.5,10.5,0.5,1.5,0,0.5,1.5,0,onlyCave,0,320,0,0,1,5
caves,4,10.5,0.5,1.5,0,0.5,1.5,0,onlyCave,0,321,0,0,1,5
caves,4.5,10.5,0.5,1.5,0,0.5,1.5,0,onlyCave,0,322,0,0,1,5
caves,5,10.5,0.5,1.5,0,0.5,1.5,0,onlyCave,0,323,0,0,1,5
caves,5.5,10.5,0.5,1.5,0,0.5,1.5,0,onlyCave,0,324,0,0,1,5
caves,6,10.5,0.5,1.5,0,0.5,1.5,0,onlyCave,0,325,0,0,1,5
caves,6.5,10.5,0.5,1.5,0,0.5,1.5,0,onlyCave,0,326,0,0,1,5
caves,7,10.5,0.5,1.5,0,0.5,1.5,0,onlyCave,0,327,0,0,1,5
caves,7.5,10.5,0.5,1.5,0,0.5,1.5,0,onlyCave,0,328,0,0,1,5
caves,8,10.5,0.5,1.5,0,0.5,1.5,0,onlyCave,0,329,0,0,1,5
caves,8.5,10.5,0.5,1.5,0,0.5,1.5,0,onlyCave,0,330,0,0,1,5
caves,9,10.5,0.5,1.5,0,0.5,1.5,0,onlyCave,0,331,0,0,1,5
caves,9.5,10.5,0.5,1.5,0,0.5,1.5,0,onlyCave,0,332,0,0,1,5
caves,10,10.5,0.5,1.5,0,0.5,1.5,0,onlyCave,0,333,0,0,1,5
caves,10.5,10.5,0.5,1.5,0,0.5,1.5,0,onlyCave,0,334,0,0,1,5
caves,11,10.5,0.5,1.5,0,0.5,1.5,0,onlyCave,0,335,0,0,1,5
caves,11.5,10.5,0.5,1.5,0,0.5,1.5,0,onlyCave,0,336,0,0,1,5
caves,0,12,0.5,1.5,0,0.5,1.5,0,onlyCave,0,337,0,0,1,5
caves,0.5,12,0.5,1.5,0,0.5,1.5,0,onlyCave,0,338,0,0,1,5
caves,1,12,0.5,1.5,0,0.5,1.5,0,onlyCave,0,339,0,0,1,5
caves,1.5,12,0.5,1.5,0,0.5,1.5,0,onlyCave,0,340,0,0,1,5
caves,2,12,0.5,1.5,0,0.5,1.5,0,onlyCave,0,341,0,0,1,5
caves,2.5,12,0.5,1.5,0,0.5,1.5,0,onlyCave,0,342,0,0,1,5
caves,3,12,0.5,1.5,0,0.5,1.5,0,onlyCave,0,343,0,0,1,5
caves,3.5,12,0.5,1.5,0,0.5,1.5,0,onlyCave,0,344,0,0,1,5
caves,4,12,0.5,1.5,0,0.5,1.5,0,onlyCave,0,345,0,0,1,5
caves,4.5,12,0.5,1.5,0,0.5,1.5,0,onlyCave,0,346,0,0,1,5
caves,5,12,0.5,1.5,0,0.5,1.5,0,onlyCave,0,347,0,0,1,5
caves,5.5,12,0.5,1.5,0,0.5,1.5,0,onlyCave,0,348,0,0,1,5
caves,6,12,0.5,1.5,0,0.5,1.5,0,onlyCave,0,349,0,0,1,5
caves,6.5,12,0.5,1.5,0,0.5,1.5,0,onlyCave,0,350,0,0,1,5
caves,7,12,0.5,1.5,0,0.5,1.5,0,onlyCave,0,351,0,0,1,5
caves,7.5,12,0.5,1.5,0,0.5,1.5,0,onlyCave,0,352,0,0,1,5
caves,8,12,0.5,1.5,0,0.5,1.5,0,onlyCave,0,353,0,0,1,5
caves,8.5,12,0.5,1.5,0,0.5,1.5,0,onlyCave,0,354,0,0,1,5
caves,9,12,0.5,1.5,0,0.5,1.5,0,onlyCave,0,355,0,0,1,5
caves,9.5,12,0.5,1.5,0,0.5,1.5,0,onlyCave,0,356,0,0,1,5
caves,10,12,0.5,1.5,0,0.5,1.5,0,onlyCave,0,357,0,0,1,5
caves,10.5,12,0.5,1.5,0,0.5,1.5,0,onlyCave,0,358,0,0,1,5
caves,11,12,0.5,1.5,0,0.5,1.5,0,onlyCave,0,359,0,0,1,5
caves,11.5,12,0.5,1.5,0,0.5,1.5,0,onlyCave,0,360,0,0,1,5
caves,12,12,0.5,1.5,0,0.5,1.5,0,onlyCave,0,361,0,0,1,5
caves,0,13.5,0.5,1.5,0,0.5,1.5,0,onlyCave,0,362,0,0,1,5
caves,0.5,13.5,0.5,1.5,0,0.5,1.5,0,onlyCave,0,363,0,0,1,5
caves,1,13.5,0.5,1.5,0,0.5,1.5,0,onlyCave,0,364,0,0,1,5
caves,1.5,13.5,0.5,1.5,0,0.5,1.5,0,onlyCave,0,365,0,0,1,5
caves,2,13.5,0.5,1.5,0,0.5,1.5,0,onlyCave,0,366,0,0,1,5
caves,2.5,13.5,0.5,1.5,0,0.5,1.5,0,onlyCave,0,367,0,0,1,5
caves,3,13.5,0.5,1.5,0,0.5,1.5,0,onlyCave,0,368,0,0,1,5
caves,3.5,13.5,0.5,1.5,0,0.5,1.5,0,onlyCave,0,369,0,0,1,5
caves,4,13.5,0.5,1.5,0,0.5,1.5,0,onlyCave,0,370,0,0,1,5
caves,4.5,13.5,0.5,1.5,0,0.5,1.5,0,onlyCave,0,371,0,0,1,5
caves,5,13.5,0.5,1.5,0,0.5,1.5,0,onlyCave,0,372,0,0,1,5
caves,5.5,13.5,0.5,1.5,0,0.5,1.5,0,onlyCave,0,373,0,0,1,5
caves,6,13.5,0.5,1.5,0,0.5,1.5,0,onlyCave,0,374,0,0,1,5
caves,6.5,13.5,0.5,1.5,0,0.5,1.5,0,onlyCave,0,375,0,0,1,5
caves,7,13.5,0.5,1.5,0,0.5,1.5,0,onlyCave,0,376,0,0,1,5
caves,7.5,13.5,0.5,1.5,0,0.5,1.5,0,onlyCave,0,377,0,0,1,5
caves,8,13.5,0.5,1.5,0,0.5,1.5,0,onlyCave,0,378,0,0,1,5
caves,8.5,13.5,0.5,1.5,0,0.5,1.5,0,onlyCave,0,379,0,0,1,5
caves,9,13.5,0.5,1.5,0,0.5,1.5,0,onlyCave,0,380,0,0,1,5
caves,9.5,13.5,0.5,1.5,0,0.5,1.5,0,onlyCave,0,381,0,0,1,5
caves,10,13.5,0.5,1.5,0,0.5,1.5,0,onlyCave,0,382,0,0,1,5
caves,10.5,13.5,0.5,1.5,0,0.5,1.5,0,onlyCave,0,383,0,0,1,5
caves,11,13.5,0.5,1.5,0,0.5,1.5,0,onlyCave,0,384,0,0,1,5
caves,11.5,13.5,0.5,1.5,0,0.5,1.5,0,onlyCave,0,385,0,0,1,5
caves,12,13.5,0.5,1.5,0,0.5,1.5,0,onlyCave,0,386,0,0,1,5
caves,0,15,0.5,1.5,0,0.5,1.5,0,onlyCave,0,387,0,0,1,5
caves,0.5,15,0.5,1.5,0,0.5,1.5,0,onlyCave,0,388,0,0,1,5
caves,1,15,0.5,1.5,0,0.5,1.5,0,onlyCave,0,389,0,0,1,5
caves,1.5,15,0.5,1.5,0,0.5,1.5,0,onlyCave,0,390,0,0,1,5
caves,2,15,0.5,1.5,0,0.5,1.5,0,onlyCave,0,391,0,0,1,5
caves,2.5,15,0.5,1.5,0,0.5,1.5,0,onlyCave,0,392,0,0,1,5
caves,3,15,0.5,1.5,0,0.5,1.5,0,onlyCave,0,393,0,0,1,5
caves,3.5,15,0.5,1.5,0,0.5,1.5,0,onlyCave,0,394,0,0,1,5
caves,4,15,0.5,1.5,0,0.5,1.5,0,onlyCave,0,395,0,0,1,5
caves,4.5,15,0.5,1.5,0,0.5,1.5,0,onlyCave,0,396,0,0,1,5
caves,5,15,0.5,1.5,0,0.5,1.5,0,onlyCave,0,397,0,0,1,5
caves,5.5,15,0.5,1.5,0,0.5,1.5,0,onlyCave,0,398,0,0,1,5
caves,6,15,0.5,1.5,0,0.5,1.5,0,onlyCave,0,399,0,0,1,5
caves,6.5,15,0.5,1.5,0,0.5,1.5,0,onlyCave,0,400,0,0,1,5
caves,7,15,0.5,1.5,0,0.5,1.5,0,onlyCave,0,401,0,0,1,5
caves,7.5,15,0.5,1.5,0,0.5,1.5,0,onlyCave,0,402,0,0,1,5
caves,8,15,0.5,1.5,0,0.5,1.5,0,onlyCave,0,403,0,0,1,5
caves,8.5,15,0.5,1.5,0,0.5,1.5,0,onlyCave,0,404,0,0,1,5
caves,9,15,0.5,1.5,0,0.5,1.5,0,onlyCave,0,405,0,0,1,5
caves,9.5,15,0.5,1.5,0,0.5,1.5,0,onlyCave,0,406,0,0,1,5
caves,0,16.5,0.5,1.5,0,0.5,1.5,0,onlyCave,0,407,0,0,1,5
caves,0.5,16.5,0.5,1.5,0,0.5,1.5,0,onlyCave,0,408,0,0,1,5
caves,1,16.5,0.5,1.5,0,0.5,1.5,0,onlyCave,0,409,0,0,1,5
caves,1.5,16.5,0.5,1.5,0,0.5,1.5,0,onlyCave,0,410,0,0,1,5
caves,2,16.5,0.5,1.5,0,0.5,1.5,0,onlyCave,0,411,0,0,1,5
caves,2.5,16.5,0.5,1.5,0,0.5,1.5,0,onlyCave,0,412,0,0,1,5
caves,3,16.5,0.5,1.5,0,0.5,1.5,0,onlyCave,0,413,0,0,1,5
caves,3.5,16.5,0.5,1.5,0,0.5,1.5,0,onlyCave,0,414,0,0,1,5
caves,4,16.5,0.5,1.5,0,0.5,1.5,0,onlyCave,0,415,0,0,1,5
caves,4.5,16.5,0.5,1.5,0,0.5,1.5,0,onlyCave,0,416,0,0,1,5
caves,5,16.5,0.5,1.5,0,0.5,1.5,0,onlyCave,0,417,0,0,1,5
caves,5.5,16.5,0.5,1.5,0,0.5,1.5,0,onlyCave,0,418,0,0,1,5
caves,6,16.5,0.5,1.5,0,0.5,1.5,0,onlyCave,0,419,0,0,1,5
caves,6.5,16.5,0.5,1.5,0,0.5,1.5,0,onlyCave,0,420,0,0,1,5
caves,7,16.5,0.5,1.5,0,0.5,1.5,0,onlyCave,0,421,0,0,1,5
caves,7.5,16.5,0.5,1.5,0,0.5,1.5,0,onlyCave,0,422,0,0,1,5
caves,8,16.5,0.5,1.5,0,0.5,1.5,0,onlyCave,0,423,0,0,1,5
caves,8.5,16.5,0.5,1.5,0,0.5,1.5,0,onlyCave,0,424,0,0,1,5
caves,9,16.5,0.5,1.5,0,0.5,1.5,0,onlyCave,0,425,0,0,1,5
caves,9.5,16,0.5,1,0,0.5,1.5,0,onlyCave,0,426,0,0,1,5
caves,0,18,0.5,1.5,0,0.5,1.5,0,onlyCave,0,427,0,0,1,5
caves,0.5,18,0.5,1.5,0,0.5,1.5,0,onlyCave,0,428,0,0,1,5
caves,1,18,0.5,1.5,0,0.5,1.5,0,onlyCave,0,429,0,0,1,5
caves,1.5,18,0.5,1.5,0,0.5,1.5,0,onlyCave,0,430,0,0,1,5
caves,2,18,0.5,1.5,0,0.5,1.5,0,onlyCave,0,431,0,0,1,5
caves,2.5,18,0.5,1.5,0,0.5,1.5,0,onlyCave,0,432,0,0,1,5
caves,3,18,0.5,1.5,0,0.5,1.5,0,onlyCave,0,433,0,0,1,5
caves,3.5,18,0.5,1.5,0,0.5,1.5,0,onlyCave,0,434,0,0,1,5
caves,4,18,0.5,1.5,0,0.5,1.5,0,onlyCave,0,435,0,0,1,5
caves,4.5,18,0.5,1.5,0,0.5,1.5,0,onlyCave,0,436,0,0,1,5
caves,5,18,0.5,1.5,0,0.5,1.5,0,onlyCave,0,437,0,0,1,5
caves,5.5,18,0.5,1.5,0,0.5,1.5,0,onlyCave,0,438,0,0,1,5
caves,6,18,0.5,1.5,0,0.5,1.5,0,onlyCave,0,439,0,0,1,5
caves,6.5,18,0.5,1.5,0,0.5,1.5,0,onlyCave,0,440,0,0,1,5
caves,7,18,0.5,1.5,0,0.5,1.5,0,onlyCave,0,441,0,0,1,5
caves,7.5,18,0.5,1.5,0,0.5,1.5,0,onlyCave,0,442,0,0,1,5
caves,8,18,0.5,1.5,0,0.5,1.5,0,onlyCave,0,443,0,0,1,5
caves,8.5,18,0.5,1.5,0,0.5,1.5,0,onlyCave,0,444,0,0,1,5
caves,9,18,0.5,1.5,0,0.5,1.5,0,onlyCave,0,445,0,0,1,5
caves,9.5,18,0.5,1.5,0,0.5,1.5,0,onlyCave,0,446,0,0,1,5
caves,10,18,0.5,1.5,0,0.5,1.5,0,onlyCave,0,447,0,0,1,5
caves,10.5,18,0.5,1.5,0,0.5,1.5,0,onlyCave,0,448,0,0,1,5
caves,11,18,0.5,1.5,0,0.5,1.5,0,onlyCave,0,449,0,0,1,5
caves,11.5,18,0.5,1.5,0,0.5,1.5,0,onlyCave,0,450,0,0,1,5
caves,12,18,0.5,1.5,0,0.5,1.5,0,onlyCave,0,451,0,0,1,5
caves,12.5,18,0.5,1.5,0,0.5,1.5,0,onlyCave,0,452,0,0,1,5
caves,13,18,0.5,1.5,0,0.5,1.5,0,onlyCave,0,453,0,0,1,5
caves,13.5,17.5,0.5,1.5,0,0.5,1.5,0,onlyCave,0,454,0,0,1,5
caves,9.5,17.5,0.5,1,0,0.5,1.5,0,onlyCave,0,455,0,0,1,5
caves,10,17.5,0.5,1,0,0.5,1.5,0,onlyCave,0,456,0,0,1,5
caves,10.5,17.5,0.5,1,0,0.5,1.5,0,onlyCave,0,457,0,0,1,5
caves,11,17.5,0.5,1,0,0.5,1.5,0,onlyCave,0,458,0,0,1,5
caves,11.5,17.5,0.5,1,0,0.5,1.5,0,onlyCave,0,459,0,0,1,5
caves,12,17.5,0.5,1,0,0.5,1.5,0,onlyCave,0,460,0,0,1,5
caves,12.5,17.5,0.5,1,0,0.5,1.5,0,onlyCave,0,461,0,0,1,5
caves,13,17.5,0.5,1,0,0.5,1.5,0,onlyCave,0,462,0,0,1,5
caves,13.5,17.5,0.5,1,0,0.5,1.5,0,onlyCave,0,463,0,0,1,5
caves,0,19.5,0.5,1.5,0,0.5,1.5,0,onlyCave,0,464,0,0,1,5
caves,0.5,19.5,0.5,1.5,0,0.5,1.5,0,onlyCave,0,465,0,0,1,5
caves,1,19.5,0.5,1.5,0,0.5,1.5,0,onlyCave,0,466,0,0,1,5
caves,1.5,19.5,0.5,1.5,0,0.5,1.5,0,onlyCave,0,467,0,0,1,5
caves,2,19.5,0.5,1.5,0,0.5,1.5,0,onlyCave,0,468,0,0,1,5
caves,2.5,19.5,0.5,1.5,0,0.5,1.5,0,onlyCave,0,469,0,0,1,5
caves,3,19.5,0.5,1.5,0,0.5,1.5,0,onlyCave,0,470,0,0,1,5
caves,3.5,19.5,0.5,1.5,0,0.5,1.5,0,onlyCave,0,471,0,0,1,5
caves,4,19.5,0.5,1.5,0,0.5,1.5,0,onlyCave,0,472,0,0,1,5
caves,4.5,19.5,0.5,1.5,0,0.5,1.5,0,onlyCave,0,473,0,0,1,5
caves,5,19.5,0.5,1.5,0,0.5,1.5,0,onlyCave,0,474,0,0,1,5
caves,5.5,19.5,0.5,1.5,0,0.5,1.5,0,onlyCave,0,475,0,0,1,5
caves,6,19.5,0.5,1.5,0,0.5,1.5,0,onlyCave,0,476,0,0,1,5
caves,6.5,19.5,0.5,1.5,0,0.5,1.5,0,onlyCave,0,477,0,0,1,5
caves,7,19.5,0.5,1.5,0,0.5,1.5,0,onlyCave,0,478,0,0,1,5
caves,7.5,19.5,0.5,1.5,0,0.5,1.5,0,onlyCave,0,479,0,0,1,5
caves,8,19.5,0.5,1.5,0,0.5,1.5,0,onlyCave,0,480,0,0,1,5
caves,8.5,19.5,0.5,1.5,0,0.5,1.5,0,onlyCave,0,481,0,0,1,5
caves,9,19.5,0.5,1.5,0,0.5,1.5,0,onlyCave,0,482,0,0,1,5
caves,9.5,19.5,0.5,1.5,0,0.5,1.5,0,onlyCave,0,483,0,0,1,5
caves,10,19.5,0.5,1.5,0,0.5,1.5,0,onlyCave,0,484,0,0,1,5
caves,10.5,19.5,0.5,1.5,0,0.5,1.5,0,onlyCave,0,485,0,0,1,5
caves,11,19.5,0.5,1.5,0,0.5,1.5,0,onlyCave,0,486,0,0,1,5
caves,11.5,19.5,0.5,1.5,0,0.5,1.5,0,onlyCave,0,487,0,0,1,5
caves,12,19.5,0.5,1.5,0,0.5,1.5,0,onlyCave,0,488,0,0,1,5
caves,12.5,19.5,0.5,1.5,0,0.5,1.5,0,onlyCave,0,489,0,0,1,5
caves,13,19,0.5,1,0,0.5,1.5,0,onlyCave,0,490,0,0,1,5
caves,0,21,0.5,1.5,0,0.5,1.5,0,onlyCave,0,491,0,0,1,5
caves,0.5,21,0.5,1.5,0,0.5,1.5,0,onlyCave,0,492,0,0,1,5
caves,1,21,0.5,1.5,0,0.5,1.5,0,onlyCave,0,493,0,0,1,5
caves,1.5,21,0.5,1.5,0,0.5,1.5,0,onlyCave,0,494,0,0,1,5
caves,2,21,0.5,1.5,0,0.5,1.5,0,onlyCave,0,495,0,0,1,5
caves,2.5,21,0.5,1.5,0,0.5,1.5,0,onlyCave,0,496,0,0,1,5
caves,3,21,0.5,1.5,0,0.5,1.5,0,onlyCave,0,497,0,0,1,5
caves,3.5,21,0.5,1.5,0,0.5,1.5,0,onlyCave,0,498,0,0,1,5
caves,4,21,0.5,1.5,0,0.5,1.5,0,onlyCave,0,499,0,0,1,5
caves,4.5,21,0.5,1.5,0,0.5,1.5,0,onlyCave,0,500,0,0,1,5
caves,5,21,0.5,1.5,0,0.5,1.5,0,onlyCave,0,501,0,0,1,5
caves,5.5,21,0.5,1.5,0,0.5,1.5,0,onlyCave,0,502,0,0,1,5
caves,6,21,0.5,1.5,0,0.5,1.5,0,onlyCave,0,503,0,0,1,5
caves,6.5,21,0.5,1.5,0,0.5,1.5,0,onlyCave,0,504,0,0,1,5
caves,7,21,0.5,1.5,0,0.5,1.5,0,onlyCave,0,505,0,0,1,5
caves,7.5,21,0.5,1.5,0,0.5,1.5,0,onlyCave,0,506,0,0,1,5
caves,8,21,0.5,1.5,0,0.5,1.5,0,onlyCave,0,507,0,0,1,5
caves,8.5,21,0.5,1.5,0,0.5,1.5,0,onlyCave,0,508,0,0,1,5
caves,9,21,0.5,1.5,0,0.5,1.5,0,onlyCave,0,509,0,0,1,5
caves,9.5,21,0.5,1.5,0,0.5,1.5,0,onlyCave,0,510,0,0,1,5
caves,10,21,0.5,1.5,0,0.5,1.5,0,onlyCave,0,511,0,0,1,5
caves,10.5,21,0.5,1.5,0,0.5,1.5,0,onlyCave,0,512,0,0,1,5
caves,11,21,0.5,1.5,0,0.5,1.5,0,onlyCave,0,513,0,0,1,5
caves,11.5,21,0.5,1.5,0,0.5,1.5,0,onlyCave,0,514,0,0,1,5
caves,12,21,0.5,1.5,0,0.5,1.5,0,onlyCave,0,515,0,0,1,5
caves,12.5,21,0.5,1.5,0,0.5,1.5,0,onlyCave,0,516,0,0,1,5
caves,0,22.5,0.5,1.5,0,0.5,1.5,0,onlyCave,0,517,0,0,1,5
caves,0.5,22.5,0.5,1.5,0,0.5,1.5,0,onlyCave,0,518,0,0,1,5
caves,1,22.5,0.5,1.5,0,0.5,1.5,0,onlyCave,0,519,0,0,1,5
caves,1.5,22.5,0.5,1.5,0,0.5,1.5,0,onlyCave,0,520,0,0,1,5
caves,2,22.5,0.5,1.5,0,0.5,1.5,0,onlyCave,0,521,0,0,1,5
caves,2.5,22.5,0.5,1.5,0,0.5,1.5,0,onlyCave,0,522,0,0,1,5
caves,3,22.5,0.5,1.5,0,0.5,1.5,0,onlyCave,0,523,0,0,1,5
caves,3.5,22.5,0.5,1.5,0,0.5,1.5,0,onlyCave,0,524,0,0,1,5
caves,4,22.5,0.5,1.5,0,0.5,1.5,0,onlyCave,0,525,0,0,1,5
caves,4.5,22.5,0.5,1.5,0,0.5,1.5,0,onlyCave,0,526,0,0,1,5
caves,5,22.5,0.5,1.5,0,0.5,1.5,0,onlyCave,0,527,0,0,1,5
caves,5.5,22.5,0.5,1.5,0,0.5,1.5,0,onlyCave,0,528,0,0,1,5
caves,6,22.5,0.5,1.5,0,0.5,1.5,0,onlyCave,0,529,0,0,1,5
caves,6.5,22.5,0.5,1.5,0,0.5,1.5,0,onlyCave,0,530,0,0,1,5
caves,7,22.5,0.5,1.5,0,0.5,1.5,0,onlyCave,0,531,0,0,1,5
caves,7.5,22.5,0.5,1.5,0,0.5,1.5,0,onlyCave,0,532,0,0,1,5
caves,8,22.5,0.5,1.5,0,0.5,1.5,0,onlyCave,0,533,0,0,1,5
caves,8.5,22.5,0.5,1.5,0,0.5,1.5,0,onlyCave,0,534,0,0,1,5
caves,9,22.5,0.5,1.5,0,0.5,1.5,0,onlyCave,0,535,0,0,1,5
caves,9.5,22.5,0.5,1.5,0,0.5,1.5,0,onlyCave,0,536,0,0,1,5
caves,10,22.5,0.5,1.5,0,0.5,1.5,0,onlyCave,0,537,0,0,1,5
caves,10.5,22.5,0.5,1.5,0,0.5,1.5,0,onlyCave,0,538,0,0,1,5
caves,11,22.5,0.5,1.5,0,0.5,1.5,0,onlyCave,0,539,0,0,1,5
caves,11.5,22.5,0.5,1,0,0.5,1.5,0,onlyCave,0,540,0,0,1,5
caves,12,22.5,0.5,0.5,0,0.5,1.5,0,onlyCave,0,541,0,0,1,5
caves,0,24,0.5,1.5,0,0.5,1.5,0,onlyCave,0,542,0,0,1,5
caves,0.5,24,0.5,1.5,0,0.5,1.5,0,onlyCave,0,543,0,0,1,5
caves,1,24,0.5,1.5,0,0.5,1.5,0,onlyCave,0,544,0,0,1,5
caves,1.5,24,0.5,1.5,0,0.5,1.5,0,onlyCave,0,545,0,0,1,5
caves,2,24,0.5,1.5,0,0.5,1.5,0,onlyCave,0,546,0,0,1,5
caves,2.5,24,0.5,1.5,0,0.5,1.5,0,onlyCave,0,547,0,0,1,5
caves,3,24,0.5,1.5,0,0.5,1.5,0,onlyCave,0,548,0,0,1,5
caves,3.5,24,0.5,1.5,0,0.5,1.5,0,onlyCave,0,549,0,0,1,5
caves,4,24,0.5,1.5,0,0.5,1.5,0,onlyCave,0,550,0,0,1,5
caves,4.5,24,0.5,1.5,0,0.5,1.5,0,onlyCave,0,551,0,0,1,5
caves,5,24,0.5,1.5,0,0.5,1.5,0,onlyCave,0,552,0,0,1,5
caves,5.5,24,0.5,1.5,0,0.5,1.5,0,onlyCave,0,553,0,0,1,5
caves,6,24,0.5,1.5,0,0.5,1.5,0,onlyCave,0,554,0,0,1,5
caves,6.5,24,0.5,1.5,0,0.5,1.5,0,onlyCave,0,555,0,0,1,5
caves,7,24,0.5,1.5,0,0.5,1.5,0,onlyCave,0,556,0,0,1,5
caves,7.5,24,0.5,1.5,0,0.5,1.5,0,onlyCave,0,557,0,0,1,5
caves,8,24,0.5,1.5,0,0.5,1.5,0,onlyCave,0,558,0,0,1,5
caves,8.5,24,0.5,1.5,0,0.5,1.5,0,onlyCave,0,559,0,0,1,5
caves,9,24,0.5,1.5,0,0.5,1.5,0,onlyCave,0,560,0,0,1,5
caves,9.5,24,0.5,1.5,0,0.5,1.5,0,onlyCave,0,561,0,0,1,5
caves,10,24,0.5,1.5,0,0.5,1.5,0,onlyCave,0,562,0,0,1,5
caves,0,25.5,0.5,1.5,0,0.5,1.5,0,onlyCave,0,563,0,0,1,5
caves,0.5,25.5,0.5,1.5,0,0.5,1.5,0,onlyCave,0,564,0,0,1,5
caves,1,25.5,0.5,1.5,0,0.5,1.5,0,onlyCave,0,565,0,0,1,5
caves,1.5,25.5,0.5,1.5,0,0.5,1.5,0,onlyCave,0,566,0,0,1,5
caves,2,25.5,0.5,1.5,0,0.5,1.5,0,onlyCave,0,567,0,0,1,5
caves,2.5,25.5,0.5,1.5,0,0.5,1.5,0,onlyCave,0,568,0,0,1,5
caves,3,25.5,0.5,1.5,0,0.5,1.5,0,onlyCave,0,569,0,0,1,5
caves,3.5,25.5,0.5,1.5,0,0.5,1.5,0,onlyCave,0,570,0,0,1,5
caves,4,25.5,0.5,1.5,0,0.5,1.5,0,onlyCave,0,571,0,0,1,5
caves,4.5,25.5,0.5,1.5,0,0.5,1.5,0,onlyCave,0,572,0,0,1,5
caves,5,25.5,0.5,1.5,0,0.5,1.5,0,onlyCave,0,573,0,0,1,5
caves,5.5,25.5,0.5,1.5,0,0.5,1.5,0,onlyCave,0,574,0,0,1,5
caves,6,25.5,0.5,1.5,0,0.5,1.5,0,onlyCave,0,575,0,0,1,5
caves,6.5,25.5,0.5,1.5,0,0.5,1.5,0,onlyCave,0,576,0,0,1,5
caves,7,25.5,0.5,1.5,0,0.5,1.5,0,onlyCave,0,577,0,0,1,5
caves,7.5,25.5,0.5,1.5,0,0.5,1.5,0,onlyCave,0,578,0,0,1,5
caves,8,25.5,0.5,1.5,0,0.5,1.5,0,onlyCave,0,579,0,0,1,5
caves,8.5,25.5,0.5,1.5,0,0.5,1.5,0,onlyCave,0,580,0,0,1,5
caves,9,25.5,0.5,1.5,0,0.5,1.5,0,onlyCave,0,581,0,0,1,5
caves,9.5,25.5,0.5,1.5,0,0.5,1.5,0,onlyCave,0,582,0,0,1,5
caves,0,27,0.5,1.5,0,0.5,1.5,0,onlyCave,0,583,0,0,1,5
caves,0.5,27,0.5,1.5,0,0.5,1.5,0,onlyCave,0,584,0,0,1,5
caves,1,27,0.5,1.5,0,0.5,1.5,0,onlyCave,0,585,0,0,1,5
caves,1.5,27,0.5,1.5,0,0.5,1.5,0,onlyCave,0,586,0,0,1,5
caves,2,27,0.5,1.5,0,0.5,1.5,0,onlyCave,0,587,0,0,1,5
caves,2.5,27,0.5,1.5,0,0.5,1.5,0,onlyCave,0,588,0,0,1,5
caves,3,27,0.5,1.5,0,0.5,1.5,0,onlyCave,0,589,0,0,1,5
caves,3.5,27,0.5,1.5,0,0.5,1.5,0,onlyCave,0,590,0,0,1,5
caves,4,27,0.5,1.5,0,0.5,1.5,0,onlyCave,0,591,0,0,1,5
caves,4.5,27,0.5,1.5,0,0.5,1.5,0,onlyCave,0,592,0,0,1,5
caves,5,27,0.5,1.5,0,0.5,1.5,0,onlyCave,0,593,0,0,1,5
caves,5.5,27,0.5,1.5,0,0.5,1.5,0,onlyCave,0,594,0,0,1,5
caves,6,27,0.5,1.5,0,0.5,1.5,0,onlyCave,0,595,0,0,1,5
caves,6.5,27,0.5,1.5,0,0.5,1.5,0,onlyCave,0,596,0,0,1,5
caves,7,27,0.5,1.5,0,0.5,1.5,0,onlyCave,0,597,0,0,1,5
caves,7.5,27,0.5,1.5,0,0.5,1.5,0,onlyCave,0,598,0,0,1,5
caves,8,27,0.5,1.5,0,0.5,1.5,0,onlyCave,0,599,0,0,1,5
caves,8.5,27,0.5,1.5,0,0.5,1.5,0,onlyCave,0,600,0,0,1,5
caves,0,28.5,0.5,1.5,0,0.5,1.5,0,onlyCave,0,601,0,0,1,5
caves,0.5,28.5,0.5,1.5,0,0.5,1.5,0,onlyCave,0,602,0,0,1,5
caves,1,28.5,0.5,1.5,0,0.5,1.5,0,onlyCave,0,603,0,0,1,5
caves,1.5,28.5,0.5,1.5,0,0.5,1.5,0,onlyCave,0,604,0,0,1,5
caves,2,28.5,0.5,1.5,0,0.5,1.5,0,onlyCave,0,605,0,0,1,5
caves,2.5,28.5,0.5,1.5,0,0.5,1.5,0,onlyCave,0,606,0,0,1,5
caves,3,28.5,0.5,1.5,0,0.5,1.5,0,onlyCave,0,607,0,0,1,5
caves,3.5,28.5,0.5,1.5,0,0.5,1.5,0,onlyCave,0,608,0,0,1,5
caves,4,28.5,0.5,1.5,0,0.5,1.5,0,onlyCave,0,609,0,0,1,5
caves,4.5,28.5,0.5,1.5,0,0.5,1.5,0,onlyCave,0,610,0,0,1,5
caves,5,28.5,0.5,1.5,0,0.5,1.5,0,onlyCave,0,611,0,0,1,5
caves,5.5,28.5,0.5,1.5,0,0.5,1.5,0,onlyCave,0,612,0,0,1,5
caves,6,28.5,0.5,1.5,0,0.5,1.5,0,onlyCave,0,613,0,0,1,5
caves,6.5,28.5,0.5,1.5,0,0.5,1.5,0,onlyCave,0,614,0,0,1,5
caves,7,28.5,0.5,1.5,0,0.5,1.5,0,onlyCave,0,615,0,0,1,5
caves,7.5,28.5,0.5,1.5,0,0.5,1.5,0,onlyCave,0,616,0,0,1,5
caves,8,28.5,0.5,1.5,0,0.5,1.5,0,onlyCave,0,617,0,0,1,5
caves,0,30,0.5,1.5,0,0.5,1.5,0,onlyCave,0,618,0,0,1,5
caves,0.5,30,0.5,1.5,0,0.5,1.5,0,onlyCave,0,619,0,0,1,5
caves,1,30,0.5,1.5,0,0.5,1.5,0,onlyCave,0,620,0,0,1,5
caves,1.5,30,0.5,1.5,0,0.5,1.5,0,onlyCave,0,621,0,0,1,5
caves,2,30,0.5,1.5,0,0.5,1.5,0,onlyCave,0,622,0,0,1,5
caves,2.5,30,0.5,1.5,0,0.5,1.5,0,onlyCave,0,623,0,0,1,5
caves,3,30,0.5,1.5,0,0.5,1.5,0,onlyCave,0,624,0,0,1,5
caves,3.5,30,0.5,1.5,0,0.5,1.5,0,onlyCave,0,625,0,0,1,5
caves,4,30,0.5,1.5,0,0.5,1.5,0,onlyCave,0,626,0,0,1,5
caves,4.5,30,0.5,1.5,0,0.5,1.5,0,onlyCave,0,627,0,0,1,5
caves,5,30,0.5,1.5,0,0.5,1.5,0,onlyCave,0,628,0,0,1,5
caves,5.5,30,0.5,1.5,0,0.5,1.5,0,onlyCave,0,629,0,0,1,5
caves,6,30,0.5,1.5,0,0.5,1.5,0,onlyCave,0,630,0,0,1,5
caves,6.5,30,0.5,1,0,0.5,1.5,0,onlyCave,0,631,0,0,1,5
caves,7,30,0.5,1,0,0.5,1.5,0,onlyCave,0,632,0,0,1,5
caves,0,31.5,0.5,1.5,0,0.5,1.5,0,onlyCave,0,633,0,0,1,5
caves,0.5,31.5,0.5,1.5,0,0.5,1.5,0,onlyCave,0,634,0,0,1,5
caves,1,31.5,0.5,1.5,0,0.5,1.5,0,onlyCave,0,635,0,0,1,5
caves,1.5,31.5,0.5,1.5,0,0.5,1.5,0,onlyCave,0,636,0,0,1,5
caves,2,31.5,0.5,1.5,0,0.5,1.5,0,onlyCave,0,637,0,0,1,5
caves,2.5,31.5,0.5,1.5,0,0.5,1.5,0,onlyCave,0,638,0,0,1,5
caves,3,31.5,0.5,1.5,0,0.5,1.5,0,onlyCave,0,639,0,0,1,5
caves,3.5,31.5,0.5,1.5,0,0.5,1.5,0,onlyCave,0,640,0,0,1,5
caves,4,31.5,0.5,1.5,0,0.5,1.5,0,onlyCave,0,641,0,0,1,5
caves,4.5,31.5,0.5,1.5,0,0.5,1.5,0,onlyCave,0,642,0,0,1,5
caves,5,31.5,0.5,1.5,0,0.5,1.5,0,onlyCave,0,643,0,0,1,5
caves,5.5,31.5,0.5,1.5,0,0.5,1.5,0,onlyCave,0,644,0,0,1,5
caves,0,33,0.5,1.5,0,0.5,1.5,0,onlyCave,0,646,0,0,1,5
caves,0.5,33,0.5,1.5,0,0.5,1.5,0,onlyCave,0,647,0,0,1,5
caves,1,33,0.5,1.5,0,0.5,1.5,0,onlyCave,0,648,0,0,1,5
caves,1.5,33,0.5,1.5,0,0.5,1.5,0,onlyCave,0,649,0,0,1,5
caves,2,33,0.5,1.5,0,0.5,1.5,0,onlyCave,0,650,0,0,1,5
caves,2.5,33,0.5,1.5,0,0.5,1.5,0,onlyCave,0,651,0,0,1,5
caves,3,33,0.5,1.5,0,0.5,1.5,0,onlyCave,0,652,0,0,1,5
caves,3.5,33,0.5,1.5,0,0.5,1.5,0,onlyCave,0,653,0,0,1,5
caves,4,33,0.5,1.5,0,0.5,1.5,0,onlyCave,0,654,0,0,1,5
caves,4.5,33,0.5,1.5,0,0.5,1.5,0,onlyCave,0,655,0,0,1,5
caves,5,33,0.5,0.5,0,0.5,1.5,0,onlyCave,0,656,0,0,1,5
caves,0,34.5,0.5,1.5,0,0.5,1.5,0,onlyCave,0,657,0,0,1,5
caves,0.5,34.5,0.5,1.5,0,0.5,1.5,0,onlyCave,0,658,0,0,1,5
caves,1,34.5,0.5,1.5,0,0.5,1.5,0,onlyCave,0,659,0,0,1,5
caves,1.5,34.5,0.5,1.5,0,0.5,1.5,0,onlyCave,0,660,0,0,1,5
caves,2,34.5,0.5,1.5,0,0.5,1.5,0,onlyCave,0,661,0,0,1,5
caves,2.5,34.5,0.5,1.5,0,0.5,1.5,0,onlyCave,0,662,0,0,1,5
caves,3,34.5,0.5,1.5,0,0.5,1.5,0,onlyCave,0,663,0,0,1,5
caves,3.5,34.5,0.5,1.5,0,0.5,1.5,0,onlyCave,0,664,0,0,1,5
caves,4,34.5,0.5,1.5,0,0.5,1.5,0,onlyCave,0,665,0,0,1,5
caves,4.5,34.5,0.5,0.5,0,0.5,1.5,0,onlyCave,0,666,0,0,1,5
